<?xml version="1.0" encoding="UTF-8"?>
<soapenv:Envelope xmlns:soapenv="http://schemas.xmlsoap.org/soap/envelope/" xmlns:v20="http://www.kadaster.nl/schemas/lvbag/bag-kgb/synchronisatie/service/v20171101" xmlns:stuf="http://www.egem.nl/StUF/StUF0301" xmlns:v201="http://www.kadaster.nl/schemas/lvbag/bag-kgb/bo-types/v20171101" xmlns:xlin="http://www.w3.org/1999/xlink" xmlns:gml="http://www.opengis.net/gml">
   <soapenv:Header/>
   <soapenv:Body>
      <v20:LVBAGVboSy02 patch="00">
         <v20:stuurgegevens>
            <stuf:berichtcode>Di02</stuf:berichtcode>
            <stuf:zender>
               <stuf:applicatie>BAG-GEM</stuf:applicatie>
            </stuf:zender>
            <stuf:ontvanger>
               <stuf:applicatie>BAG-LV</stuf:applicatie>
            </stuf:ontvanger>
            <stuf:referentienummer>5000BAGAIO3165</stuf:referentienummer>
            <stuf:tijdstipBericht>19800701154042011</stuf:tijdstipBericht>
         </v20:stuurgegevens>
         <!--1 or more repetitions:-->
         <v20:levenscyclus stuf:entiteittype="VBO" stuf:functie="entiteit">
            <v201:identificatie>0487010000236526</v201:identificatie>
            <v201:geometrie>
               <v201:punt xlin:type="simple">
                  <gml:Point srsName="urn:ogc:def:crs:EPSG::28992" srsDimension="3">
                     <gml:pos>110034.5 510034.0 0.0</gml:pos>
                  </gml:Point>
               </v201:punt>
            </v201:geometrie>
            <!--1 or more repetitions:-->
            <v201:gebruiksdoel>woonfunctie</v201:gebruiksdoel>
            <!--Optional:-->
            <v201:oppervlakte>90</v201:oppervlakte>
            <v201:status>Verblijfsobject gevormd</v201:status>
            <v201:geconstateerd>N</v201:geconstateerd>
            <v201:documentdatum>2017-03-01</v201:documentdatum>
            <v201:documentnummer>2017GHF2</v201:documentnummer>
            <v201:voorkomen>
               <v201:identificatie>1</v201:identificatie>
               <v201:tijdvakGeldigheid>
                  <v201:beginGeldigheid>2017-03-01</v201:beginGeldigheid>
               </v201:tijdvakGeldigheid>
               <v201:tijdvakRegistratie>
                  <v201:tijdstipRegistratie>2017-03-01T15:40:42.011</v201:tijdstipRegistratie>
               </v201:tijdvakRegistratie>
            </v201:voorkomen>
            <v201:heeftAlsHoofdadres stuf:entiteittype="AOBNUMHFD">
               <v201:gerelateerde stuf:entiteittype="NUM">
                  <v201:identificatie>0487200000012829</v201:identificatie>
               </v201:gerelateerde>
            </v201:heeftAlsHoofdadres>
            <v201:maaktDeelUitVan stuf:entiteittype="VBOPND">
               <v201:gerelateerde stuf:entiteittype="PND">
                  <v201:identificatie>0487100000000705</v201:identificatie>
               </v201:gerelateerde>
            </v201:maaktDeelUitVan>
         </v20:levenscyclus>
      </v20:LVBAGVboSy02>
   </soapenv:Body>
</soapenv:Envelope>