<?xml version="1.0" encoding="UTF-8"?>
<soapenv:Envelope xmlns:soapenv="http://schemas.xmlsoap.org/soap/envelope/" xmlns:v20="http://www.kadaster.nl/schemas/lvbag/bag-kgb/kennisgeving/service/v20171101" xmlns:stuf="http://www.egem.nl/StUF/StUF0301" xmlns:v201="http://www.kadaster.nl/schemas/lvbag/bag-kgb/bo-types/v20171101">
   <soapenv:Header/>
   <soapenv:Body>
      <v20:LVBAGOprDi02 patch="00">
         <v20:stuurgegevens>
            <stuf:berichtcode>Di02</stuf:berichtcode>
            <stuf:zender>
               <stuf:applicatie>BAG-GEM</stuf:applicatie>
            </stuf:zender>
            <stuf:ontvanger>
               <stuf:applicatie>BAG-LV</stuf:applicatie>
            </stuf:ontvanger>
            <stuf:referentienummer>5000BRASOR6120</stuf:referentienummer>
            <stuf:tijdstipBericht>19800701154042011</stuf:tijdstipBericht>
         </v20:stuurgegevens>
         <v20:parameters>
            <stuf:mutatiesoort>T</stuf:mutatiesoort>
         </v20:parameters>
         <v20:toevoeging stuf:entiteittype="OPR" stuf:functie="entiteit">
            <v201:identificatie>0487300000000105</v201:identificatie>
            <v201:naam>Kerklaan</v201:naam>
            <v201:type>Weg</v201:type>
            <v201:status>Naamgeving uitgegeven</v201:status>
            <v201:geconstateerd>N</v201:geconstateerd>
            <v201:documentdatum>1980-07-01</v201:documentdatum>
            <v201:documentnummer>1234</v201:documentnummer>
            <v201:voorkomen>
               <v201:identificatie>1</v201:identificatie>
               <v201:tijdvakGeldigheid>
                  <v201:beginGeldigheid>1980-07-01</v201:beginGeldigheid>
               </v201:tijdvakGeldigheid>
               <v201:tijdvakRegistratie>
                  <v201:tijdstipRegistratie>1980-07-01T15:40:42.011</v201:tijdstipRegistratie>
               </v201:tijdvakRegistratie>
            </v201:voorkomen>
            <v201:ligtIn stuf:entiteittype="OPRWPL">
               <v201:gerelateerde stuf:entiteittype="WPL">
                  <v201:identificatie>0246</v201:identificatie>
               </v201:gerelateerde>
            </v201:ligtIn>
         </v20:toevoeging>
      </v20:LVBAGOprDi02>
   </soapenv:Body>
</soapenv:Envelope>