<?xml version="1.0" encoding="UTF-8"?>
<sl-bag-extract:bagStand xmlns:xsi="http://www.w3.org/2001/XMLSchema-instance" xmlns:sl="http://www.kadaster.nl/schemas/standlevering-generiek/1.0" xmlns:selecties-extract="http://www.kadaster.nl/schemas/lvbag/extract-selecties/v20180601" xmlns:sl-bag-extract="http://www.kadaster.nl/schemas/lvbag/extract-deelbestand-lvc/v20180601" xmlns:nen3610="www.kadaster.nl/schemas/lvbag/imbag/nen3610/v20180601" xmlns:gml="http://www.opengis.net/gml/3.2" xmlns:Historie="www.kadaster.nl/schemas/lvbag/imbag/historie/v20180601" xsi:schemaLocation="http://www.kadaster.nl/schemas/standlevering-generiek/1.0 ../standlevering-generiek/1.0/standlevering-generiek-1.0.xsd  http://www.kadaster.nl/schemas/lvbag/extract-selecties/v20180601 ../lvbag/extract-selecties/v20180601/BagvsExtractSelecties-2.0.xsd http://www.kadaster.nl/schemas/lvbag/extract-deelbestand-lvc/v20180601 ../lvbag/extract-deelbestand-lvc/v20180601/BagvsExtractDeelbestandExtractLvc-2.0.xsd www.kadaster.nl/schemas/lvbag/imbag/objecten/v20180601 ../lvbag/imbag/IMBAGLV/objecten/v20180601/IMBAGLV_Objecten_v2_0_0.xsd www.kadaster.nl/schemas/lvbag/imbag/objecten-ref/v20180601 ../lvbag/imbag/IMBAGLV/objecten-ref/v20180601/IMBAGLV_ObjectenRef_v2_0_0.xsd www.kadaster.nl/schemas/lvbag/imbag/nen5825/v20180601 ../lvbag/imbag/IMBAGLV/nen5825/v20180601/IMBAGLV_Nen5825_v2_0_0.xsd www.kadaster.nl/schemas/lvbag/imbag/nen3610/v20180601 ../lvbag/imbag/IMBAGLV/nen3610/v20180601/IMBAGLV_Nen3610_v1_0_0.xsd http://www.opengis.net/gml/3.2 ../lvbag/imbag/gml/3.2.1/gml.xsd http://www.w3.org/1999/xlink ../lvbag/imbag/xlink/1.0.0/xlinks.xsd www.kadaster.nl/schemas/lvbag/imbag/historie/v20180601 ../lvbag/imbag/IMBAGLV/historie/v20180601/IMBAGLV_Historie_v2_0_0.xsd">
	<sl-bag-extract:bagInfo>
		<selecties-extract:Gebied-Registratief>
			<selecties-extract:Gebied-GEM>
				<selecties-extract:GebiedIdentificatie>768393</selecties-extract:GebiedIdentificatie>
				<selecties-extract:GebiedNaam>GEM.0796</selecties-extract:GebiedNaam>
				<selecties-extract:GemeenteCollectie>
					<selecties-extract:Gemeente>
						<selecties-extract:GemeenteIdentificatie>0796</selecties-extract:GemeenteIdentificatie>
						<selecties-extract:GemeenteNaam>'s-Hertogenbosch</selecties-extract:GemeenteNaam>
					</selecties-extract:Gemeente>
				</selecties-extract:GemeenteCollectie>
			</selecties-extract:Gebied-GEM>
		</selecties-extract:Gebied-Registratief>
		<selecties-extract:LVC-Extract>
			<selecties-extract:productcode>DWPLLXEE02</selecties-extract:productcode>
			<selecties-extract:StandTechnischeDatum>2018-06-01</selecties-extract:StandTechnischeDatum>
		</selecties-extract:LVC-Extract>
		<selecties-extract:Verwerking>
			<selecties-extract:TijdstipVerwerking>2018-06-08T09:30:47+02:00</selecties-extract:TijdstipVerwerking>
			<selecties-extract:VolgnrVerwerking>0</selecties-extract:VolgnrVerwerking>
		</selecties-extract:Verwerking>
	</sl-bag-extract:bagInfo>
	<sl:standBestand>
		<sl:dataset>LVBAG</sl:dataset>
		<sl:inhoud>
			<sl:gebied>GEMEENTE</sl:gebied>
			<sl:leveringsId>1</sl:leveringsId>
			<sl:objectTypen>
				<sl:objectType>WPL</sl:objectType>
			</sl:objectTypen>
		</sl:inhoud>
		<sl:stand>
			<sl-bag-extract:bagObject>
				<Woonplaats xmlns="www.kadaster.nl/schemas/lvbag/imbag/objecten/v20180601">
					<identificatie>
						<nen3610:namespace>NL.IMBAG.Woonplaats</nen3610:namespace>
						<nen3610:lokaalID>1595</nen3610:lokaalID>
					</identificatie>
					<naam>'s-Hertogenbosch</naam>
					<geometrie>
						<gml:surfaceProperty>
							<gml:Polygon gml:id="WPL_1595_1">
								<gml:exterior>
									<gml:LinearRing>
										<gml:posList>0.0 0.0 10000.0 0.0 10000.0 4000.0 0.0 4000.0 0.0 0.0</gml:posList>
									</gml:LinearRing>
								</gml:exterior>
							</gml:Polygon>
						</gml:surfaceProperty>
					</geometrie>
					<status>Woonplaats aangewezen</status>
					<geconstateerd>N</geconstateerd>
					<documentdatum>2009-01-27</documentdatum>
					<documentnummer>GEM 79567</documentnummer>
					<voorkomen>
						<Historie:Voorkomen>
							<Historie:voorkomenidentificatie>1</Historie:voorkomenidentificatie>
							<Historie:beginGeldigheid>2009-01-27</Historie:beginGeldigheid>
							<Historie:eindGeldigheid>2013-02-19</Historie:eindGeldigheid>
							<Historie:tijdstipRegistratie>2010-11-09T22:01:40.317</Historie:tijdstipRegistratie>
							<Historie:eindRegistratie>2013-02-19T09:32:04.150</Historie:eindRegistratie>
						</Historie:Voorkomen>
					</voorkomen>
				</Woonplaats>
			</sl-bag-extract:bagObject>
		</sl:stand>
		<sl:stand>
			<sl-bag-extract:bagObject>
				<Woonplaats xmlns="www.kadaster.nl/schemas/lvbag/imbag/objecten/v20180601">
					<identificatie>
						<nen3610:namespace>NL.IMBAG.Woonplaats</nen3610:namespace>
						<nen3610:lokaalID>1595</nen3610:lokaalID>
					</identificatie>
					<naam>'s-Hertogenbosch</naam>
					<geometrie>
						<gml:surfaceProperty>
							<gml:Polygon gml:id="WPL_1595_2">
								<gml:exterior>
									<gml:LinearRing>
										<gml:posList>0.0 0.0 10000.0 0.0 10000.0 5000.0 0.0 5000.0 0.0 0.0</gml:posList>
									</gml:LinearRing>
								</gml:exterior>
							</gml:Polygon>
						</gml:surfaceProperty>
					</geometrie>
					<status>Woonplaats aangewezen</status>
					<geconstateerd>N</geconstateerd>
					<documentdatum>2013-02-19</documentdatum>
					<documentnummer>130500122</documentnummer>
					<voorkomen>
						<Historie:Voorkomen>
							<Historie:voorkomenidentificatie>2</Historie:voorkomenidentificatie>
							<Historie:beginGeldigheid>2013-02-19</Historie:beginGeldigheid>
							<Historie:eindGeldigheid>2019-01-01</Historie:eindGeldigheid>
							<Historie:tijdstipRegistratie>2013-02-19T09:32:04.150</Historie:tijdstipRegistratie>
							<Historie:eindRegistratie>2017-12-18T10:30:42.133</Historie:eindRegistratie>
						</Historie:Voorkomen>
					</voorkomen>
				</Woonplaats>
			</sl-bag-extract:bagObject>
		</sl:stand>
		<sl:stand>
			<sl-bag-extract:bagObject>
				<Woonplaats xmlns="www.kadaster.nl/schemas/lvbag/imbag/objecten/v20180601">
					<identificatie>
						<nen3610:namespace>NL.IMBAG.Woonplaats</nen3610:namespace>
						<nen3610:lokaalID>1595</nen3610:lokaalID>
					</identificatie>
					<naam>'s-Hertogenbosch</naam>
					<geometrie>
						<gml:surfaceProperty>
							<gml:Polygon gml:id="WPL_1595_3">
								<gml:exterior>
									<gml:LinearRing>
										<gml:posList>0.0 0.0 15000.0 0.0 15000.0 5000.0 0.0 5000.0 0.0 0.0</gml:posList>
									</gml:LinearRing>
								</gml:exterior>
							</gml:Polygon>
						</gml:surfaceProperty>
					</geometrie>
					<status>Woonplaats aangewezen</status>
					<geconstateerd>N</geconstateerd>
					<documentdatum>2017-12-13</documentdatum>
					<documentnummer>7518593</documentnummer>
					<voorkomen>
						<Historie:Voorkomen>
							<Historie:voorkomenidentificatie>3</Historie:voorkomenidentificatie>
							<Historie:beginGeldigheid>2019-01-01</Historie:beginGeldigheid>
							<Historie:tijdstipRegistratie>2017-12-18T10:30:42.133</Historie:tijdstipRegistratie>
						</Historie:Voorkomen>
					</voorkomen>
				</Woonplaats>
			</sl-bag-extract:bagObject>
		</sl:stand>
	</sl:standBestand>
</sl-bag-extract:bagStand>
