<?xml version="1.0" encoding="UTF-8"?>
<sl-bag-extract:bagStand xmlns:xsi="http://www.w3.org/2001/XMLSchema-instance" xmlns:sl="http://www.kadaster.nl/schemas/standlevering-generiek/1.0" xmlns:selecties-extract="http://www.kadaster.nl/schemas/lvbag/extract-selecties/v20180601" xmlns:sl-bag-extract="http://www.kadaster.nl/schemas/lvbag/extract-deelbestand-lvc/v20180601" xmlns:Objecten="www.kadaster.nl/schemas/lvbag/imbag/objecten/v20180601" xmlns:Objecten-ref="www.kadaster.nl/schemas/lvbag/imbag/objecten-ref/v20180601" xmlns:Historie="www.kadaster.nl/schemas/lvbag/imbag/historie/v20180601" xmlns:nen5825="www.kadaster.nl/schemas/lvbag/imbag/nen5825/v20180601" xmlns:nen3610="www.kadaster.nl/schemas/lvbag/imbag/nen3610/v20180601" xmlns:gml="http://www.opengis.net/gml/3.2" xmlns:xlink="http://www.w3.org/1999/xlink" xsi:schemaLocation="http://www.kadaster.nl/schemas/standlevering-generiek/1.0 ../standlevering-generiek/1.0/standlevering-generiek-1.0.xsd  http://www.kadaster.nl/schemas/lvbag/extract-selecties/v20180601 ../lvbag/extract-selecties/v20180601/BagvsExtractSelecties-2.0.xsd http://www.kadaster.nl/schemas/lvbag/extract-deelbestand-lvc/v20180601 ../lvbag/extract-deelbestand-lvc/v20180601/BagvsExtractDeelbestandExtractLvc-2.0.xsd www.kadaster.nl/schemas/lvbag/imbag/objecten/v20180601 ../lvbag/imbag/IMBAGLV/objecten/v20180601/IMBAGLV_Objecten_v2_0_0.xsd www.kadaster.nl/schemas/lvbag/imbag/objecten-ref/v20180601 ../lvbag/imbag/IMBAGLV/objecten-ref/v20180601/IMBAGLV_ObjectenRef_v2_0_0.xsd www.kadaster.nl/schemas/lvbag/imbag/nen5825/v20180601 ../lvbag/imbag/IMBAGLV/nen5825/v20180601/IMBAGLV_Nen5825_v2_0_0.xsd www.kadaster.nl/schemas/lvbag/imbag/nen3610/v20180601 ../lvbag/imbag/IMBAGLV/nen3610/v20180601/IMBAGLV_Nen3610_v1_0_0.xsd http://www.opengis.net/gml/3.2 ../lvbag/imbag/gml/3.2.1/gml.xsd http://www.w3.org/1999/xlink ../lvbag/imbag/xlink/1.0.0/xlinks.xsd www.kadaster.nl/schemas/lvbag/imbag/historie/v20180601 ../lvbag/imbag/IMBAGLV/historie/v20180601/IMBAGLV_Historie_v2_0_0.xsd">
	<sl-bag-extract:bagInfo>
		<selecties-extract:Gebied-Registratief>
			<selecties-extract:Gebied-GEM>
				<selecties-extract:GebiedIdentificatie>768393</selecties-extract:GebiedIdentificatie>
				<selecties-extract:GebiedNaam>GEM.0796</selecties-extract:GebiedNaam>
				<selecties-extract:GemeenteCollectie>
					<selecties-extract:Gemeente>
						<selecties-extract:GemeenteIdentificatie>0796</selecties-extract:GemeenteIdentificatie>
						<selecties-extract:GemeenteNaam>'s-Hertogenbosch</selecties-extract:GemeenteNaam>
					</selecties-extract:Gemeente>
				</selecties-extract:GemeenteCollectie>
			</selecties-extract:Gebied-GEM>
		</selecties-extract:Gebied-Registratief>
		<selecties-extract:LVC-Extract>
			<selecties-extract:productcode>DWPLLXEE02</selecties-extract:productcode>
			<selecties-extract:StandTechnischeDatum>2018-06-01</selecties-extract:StandTechnischeDatum>
		</selecties-extract:LVC-Extract>
		<selecties-extract:Verwerking>
			<selecties-extract:TijdstipVerwerking>2018-06-08T09:30:47+02:00</selecties-extract:TijdstipVerwerking>
			<selecties-extract:VolgnrVerwerking>3</selecties-extract:VolgnrVerwerking>
		</selecties-extract:Verwerking>
	</sl-bag-extract:bagInfo>
	<sl:standBestand>
		<sl:dataset>LVBAG</sl:dataset>
		<sl:inhoud>
			<sl:gebied>GEMEENTE</sl:gebied>
			<sl:leveringsId>1</sl:leveringsId>
			<sl:objectTypen>
				<sl:objectType>VBO</sl:objectType>
			</sl:objectTypen>
		</sl:inhoud>
		<sl:stand>
			<sl-bag-extract:bagObject>
				<Objecten:Verblijfsobject>
					<Objecten:heeftAlsHoofdadres>
						<Objecten-ref:NummeraanduidingRef type="simple" xlink:href="NL.IMBAG.NUMMERAANDUIDING.0796200000382610"/>
					</Objecten:heeftAlsHoofdadres>
					<Objecten:voorkomen>
						<Historie:Voorkomen>
							<Historie:voorkomenidentificatie>1</Historie:voorkomenidentificatie>
							<Historie:beginGeldigheid>2009-10-06</Historie:beginGeldigheid>
							<Historie:eindGeldigheid>2017-07-05</Historie:eindGeldigheid>
							<Historie:tijdstipRegistratie>2010-11-10T02:32:18.683</Historie:tijdstipRegistratie>
							<Historie:eindRegistratie>2017-07-06T12:31:33.687</Historie:eindRegistratie>
						</Historie:Voorkomen>
					</Objecten:voorkomen>
					<Objecten:identificatie>
						<nen3610:namespace>NL.IMBAG.Verblijfsobject</nen3610:namespace>
						<nen3610:lokaalID>0796010000382611</nen3610:lokaalID>
					</Objecten:identificatie>
					<Objecten:geometrie>
						<gml:Point gml:id="VBO_0796010000382611_1">
							<gml:pos>5000.0 2000.0</gml:pos>
						</gml:Point>
					</Objecten:geometrie>
					<Objecten:gebruiksdoel>woonfunctie</Objecten:gebruiksdoel>
					<Objecten:oppervlakte>118</Objecten:oppervlakte>
					<Objecten:status>Verblijfsobject in gebruik</Objecten:status>
					<Objecten:geconstateerd>N</Objecten:geconstateerd>
					<Objecten:documentdatum>2009-10-06</Objecten:documentdatum>
					<Objecten:documentnummer>09.0875</Objecten:documentnummer>
					<Objecten:maaktDeelUitVan>
						<Objecten-ref:PandRef type="simple" xlink:href="NL.IMBAG.PAND.0796100000247076"/>
					</Objecten:maaktDeelUitVan>
				</Objecten:Verblijfsobject>
			</sl-bag-extract:bagObject>
		</sl:stand>
		<sl:stand>
			<sl-bag-extract:bagObject>
				<Objecten:Verblijfsobject>
					<Objecten:heeftAlsHoofdadres>
						<Objecten-ref:NummeraanduidingRef type="simple" xlink:href="NL.IMBAG.NUMMERAANDUIDING.0796200000382610"/>
					</Objecten:heeftAlsHoofdadres>
					<Objecten:voorkomen>
						<Historie:Voorkomen>
							<Historie:voorkomenidentificatie>2</Historie:voorkomenidentificatie>
							<Historie:beginGeldigheid>2017-07-05</Historie:beginGeldigheid>
							<Historie:eindGeldigheid>2018-02-19</Historie:eindGeldigheid>
							<Historie:tijdstipRegistratie>2017-07-06T12:31:33.687</Historie:tijdstipRegistratie>
							<Historie:eindRegistratie>2018-02-19T16:01:11.442</Historie:eindRegistratie>
						</Historie:Voorkomen>
					</Objecten:voorkomen>
					<Objecten:identificatie>
						<nen3610:namespace>NL.IMBAG.Verblijfsobject</nen3610:namespace>
						<nen3610:lokaalID>0796010000382611</nen3610:lokaalID>
					</Objecten:identificatie>
					<Objecten:geometrie>
						<gml:Point gml:id="VBO_0796010000382611_2">
							<gml:pos>5000.0 2000.0</gml:pos>
						</gml:Point>
					</Objecten:geometrie>
					<Objecten:gebruiksdoel>woonfunctie</Objecten:gebruiksdoel>
					<Objecten:oppervlakte>110</Objecten:oppervlakte>
					<Objecten:status>Verblijfsobject in gebruik</Objecten:status>
					<Objecten:geconstateerd>N</Objecten:geconstateerd>
					<Objecten:documentdatum>2017-07-05</Objecten:documentdatum>
					<Objecten:documentnummer>7129776</Objecten:documentnummer>
					<Objecten:maaktDeelUitVan>
						<Objecten-ref:PandRef type="simple" xlink:href="NL.IMBAG.PAND.0796100000247076"/>
					</Objecten:maaktDeelUitVan>
				</Objecten:Verblijfsobject>
			</sl-bag-extract:bagObject>
		</sl:stand>
		<sl:stand>
			<sl-bag-extract:bagObject>
				<Objecten:Verblijfsobject>
					<Objecten:heeftAlsHoofdadres>
						<Objecten-ref:NummeraanduidingRef type="simple" xlink:href="NL.IMBAG.NUMMERAANDUIDING.0796200000382610"/>
					</Objecten:heeftAlsHoofdadres>
					<Objecten:voorkomen>
						<Historie:Voorkomen>
							<Historie:voorkomenidentificatie>3</Historie:voorkomenidentificatie>
							<Historie:beginGeldigheid>2018-02-19</Historie:beginGeldigheid>
							<Historie:tijdstipRegistratie>2018-02-19T16:01:11.442</Historie:tijdstipRegistratie>
						</Historie:Voorkomen>
					</Objecten:voorkomen>
					<Objecten:identificatie>
						<nen3610:namespace>NL.IMBAG.Verblijfsobject</nen3610:namespace>
						<nen3610:lokaalID>0796010000382611</nen3610:lokaalID>
					</Objecten:identificatie>
					<Objecten:geometrie>
						<gml:Point gml:id="VBO_0796010000382611_3">
							<gml:pos>5000.0 2000.0</gml:pos>
						</gml:Point>
					</Objecten:geometrie>
					<Objecten:gebruiksdoel>woonfunctie</Objecten:gebruiksdoel>
					<Objecten:oppervlakte>111</Objecten:oppervlakte>
					<Objecten:status>Verblijfsobject in gebruik</Objecten:status>
					<Objecten:geconstateerd>N</Objecten:geconstateerd>
					<Objecten:documentdatum>2018-02-19</Objecten:documentdatum>
					<Objecten:documentnummer>7727680</Objecten:documentnummer>
					<Objecten:maaktDeelUitVan>
						<Objecten-ref:PandRef type="simple" xlink:href="NL.IMBAG.PAND.0796100000247076"/>
					</Objecten:maaktDeelUitVan>
				</Objecten:Verblijfsobject>
			</sl-bag-extract:bagObject>
		</sl:stand>
	</sl:standBestand>
</sl-bag-extract:bagStand>
