<?xml version="1.0" encoding="UTF-8"?>
<sl-bag-extract:bagStand xmlns:xsi="http://www.w3.org/2001/XMLSchema-instance" xmlns:sl="http://www.kadaster.nl/schemas/standlevering-generiek/1.0" xmlns:selecties-extract="http://www.kadaster.nl/schemas/lvbag/extract-selecties/v20180601" xmlns:sl-bag-extract="http://www.kadaster.nl/schemas/lvbag/extract-deelbestand-lvc/v20180601" xmlns:KenmerkInOnderzoek="www.kadaster.nl/schemas/lvbag/imbag/kenmerkinonderzoek/v20180601" xmlns:Historie="www.kadaster.nl/schemas/lvbag/imbag/historie/v20180601" xsi:schemaLocation="http://www.kadaster.nl/schemas/standlevering-generiek/1.0 ../standlevering-generiek/1.0/standlevering-generiek-1.0.xsd  http://www.kadaster.nl/schemas/lvbag/extract-selecties/v20180601 ../lvbag/extract-selecties/v20180601/BagvsExtractSelecties-2.0.xsd http://www.kadaster.nl/schemas/lvbag/extract-deelbestand-lvc/v20180601 ../lvbag/extract-deelbestand-lvc/v20180601/BagvsExtractDeelbestandExtractLvc-2.0.xsd www.kadaster.nl/schemas/lvbag/imbag/kenmerkinonderzoek/v20180601 ../lvbag/imbag/IMBAGLV/kenmerkinonderzoek/v20180601/IMBAGLV_KenmerkInOnderzoek_v2_0_0.xsd www.kadaster.nl/schemas/lvbag/imbag/historie/v20180601 ../lvbag/imbag/IMBAGLV/historie/v20180601/IMBAGLV_Historie_v2_0_0.xsd">
	<sl-bag-extract:bagInfo>
		<selecties-extract:Gebied-Registratief>
			<selecties-extract:Gebied-GEM>
				<selecties-extract:GebiedIdentificatie>768393</selecties-extract:GebiedIdentificatie>
				<selecties-extract:GebiedNaam>GEM.0796</selecties-extract:GebiedNaam>
				<selecties-extract:GemeenteCollectie>
					<selecties-extract:Gemeente>
						<selecties-extract:GemeenteIdentificatie>0796</selecties-extract:GemeenteIdentificatie>
						<selecties-extract:GemeenteNaam>'s-Hertogenbosch</selecties-extract:GemeenteNaam>
					</selecties-extract:Gemeente>
				</selecties-extract:GemeenteCollectie>
			</selecties-extract:Gebied-GEM>
		</selecties-extract:Gebied-Registratief>
		<selecties-extract:LVC-Extract>
			<selecties-extract:productcode>DWPLLXEE02</selecties-extract:productcode>
			<selecties-extract:StandTechnischeDatum>2018-06-01</selecties-extract:StandTechnischeDatum>
		</selecties-extract:LVC-Extract>
		<selecties-extract:Verwerking>
			<selecties-extract:TijdstipVerwerking>2018-06-08T09:30:47+02:00</selecties-extract:TijdstipVerwerking>
			<selecties-extract:VolgnrVerwerking>7</selecties-extract:VolgnrVerwerking>
		</selecties-extract:Verwerking>
	</sl-bag-extract:bagInfo>
	<sl:standBestand>
		<sl:dataset>LVBAG</sl:dataset>
		<sl:inhoud>
			<sl:gebied>GEMEENTE</sl:gebied>
			<sl:leveringsId>1</sl:leveringsId>
			<sl:objectTypen>
				<sl:objectType>WPL</sl:objectType>
			</sl:objectTypen>
		</sl:inhoud>
		<sl:stand>
			<sl-bag-extract:bagObject>
				<KenmerkInOnderzoek:KenmerkWoonplaatsInOnderzoek>
					<KenmerkInOnderzoek:kenmerk>geometrie</KenmerkInOnderzoek:kenmerk>
					<KenmerkInOnderzoek:identificatieVanWoonplaats>1595</KenmerkInOnderzoek:identificatieVanWoonplaats>
					<KenmerkInOnderzoek:inOnderzoek>J</KenmerkInOnderzoek:inOnderzoek>
					<KenmerkInOnderzoek:documentdatum>2013-02-12</KenmerkInOnderzoek:documentdatum>
					<KenmerkInOnderzoek:documentnummer>130500122-io</KenmerkInOnderzoek:documentnummer>
					<Historie:HistorieInOnderzoek>
						<Historie:tijdstipRegistratie>2013-02-12T08:34:01.657</Historie:tijdstipRegistratie>
						<Historie:eindRegistratie>2013-02-19T09:01:34.304</Historie:eindRegistratie>
						<Historie:beginGeldigheid>2013-02-12</Historie:beginGeldigheid>
						<Historie:eindGeldigheid>2013-02-19</Historie:eindGeldigheid>
					</Historie:HistorieInOnderzoek>
				</KenmerkInOnderzoek:KenmerkWoonplaatsInOnderzoek>
			</sl-bag-extract:bagObject>
		</sl:stand>
		<sl:stand>
			<sl-bag-extract:bagObject>
				<KenmerkInOnderzoek:KenmerkWoonplaatsInOnderzoek>
					<KenmerkInOnderzoek:kenmerk>geometrie</KenmerkInOnderzoek:kenmerk>
					<KenmerkInOnderzoek:identificatieVanWoonplaats>1595</KenmerkInOnderzoek:identificatieVanWoonplaats>
					<KenmerkInOnderzoek:inOnderzoek>N</KenmerkInOnderzoek:inOnderzoek>
					<KenmerkInOnderzoek:documentdatum>2013-02-12</KenmerkInOnderzoek:documentdatum>
					<KenmerkInOnderzoek:documentnummer>130500122-io</KenmerkInOnderzoek:documentnummer>
					<Historie:HistorieInOnderzoek>
						<Historie:tijdstipRegistratie>2013-02-19T09:01:34.304</Historie:tijdstipRegistratie>
						<Historie:beginGeldigheid>2013-02-19</Historie:beginGeldigheid>
					</Historie:HistorieInOnderzoek>
				</KenmerkInOnderzoek:KenmerkWoonplaatsInOnderzoek>
			</sl-bag-extract:bagObject>
		</sl:stand>
	</sl:standBestand>
</sl-bag-extract:bagStand>
