<?xml version="1.0" encoding="UTF-8"?>
<soapenv:Envelope xmlns:soapenv="http://schemas.xmlsoap.org/soap/envelope/" xmlns:v20="http://www.kadaster.nl/schemas/lvbag/bag-kgb/inonderzoek/service/v20171101" xmlns:stuf="http://www.egem.nl/StUF/StUF0301" xmlns:v201="http://www.kadaster.nl/schemas/lvbag/bag-kgb/mo-types/v20171101" xmlns:v202="http://www.kadaster.nl/schemas/lvbag/bag-kgb/bo-types/v20171101">
   <soapenv:Header/>
   <soapenv:Body>
      <v20:LVBAGPndInOnderzoek patch="00">
         <v20:stuurgegevens>
            <stuf:berichtcode>Di02</stuf:berichtcode>
            <stuf:zender>
               <stuf:applicatie>BAG-GEM</stuf:applicatie>
            </stuf:zender>
            <stuf:ontvanger>
               <stuf:applicatie>BAG-LV</stuf:applicatie>
            </stuf:ontvanger>
            <stuf:referentienummer>5000BAGAIO2157</stuf:referentienummer>
            <stuf:tijdstipBericht>20170604154042011</stuf:tijdstipBericht>
         </v20:stuurgegevens>
         <v20:parameters>
            <stuf:mutatiesoort>T</stuf:mutatiesoort>
         </v20:parameters>
         <v20:toevoeging stuf:entiteittype="PIO" stuf:functie="entiteit">
            <v201:kenmerk>bouwjaar</v201:kenmerk>
            <v201:identificatieVanPand>0487100000000700</v201:identificatieVanPand>
            <v201:inOnderzoek>J</v201:inOnderzoek>
            <v201:documentdatum>2017-06-04</v201:documentdatum>
            <v201:documentnummer>51968</v201:documentnummer>
            <v201:tijdvakGeldigheid>
               <v202:beginGeldigheid>2017-06-04</v202:beginGeldigheid>
            </v201:tijdvakGeldigheid>
            <v201:tijdvakRegistratie>
               <v202:tijdstipRegistratie>2017-06-04T15:40:42.011</v202:tijdstipRegistratie>
            </v201:tijdvakRegistratie>
         </v20:toevoeging>
      </v20:LVBAGPndInOnderzoek>
   </soapenv:Body>
</soapenv:Envelope>