<?xml version="1.0" encoding="UTF-8"?>
<soapenv:Envelope xmlns:soapenv="http://schemas.xmlsoap.org/soap/envelope/" xmlns:v20="http://www.kadaster.nl/schemas/lvbag/bag-kgb/kennisgeving/service/v20171101" xmlns:stuf="http://www.egem.nl/StUF/StUF0301" xmlns:v201="http://www.kadaster.nl/schemas/lvbag/bag-kgb/bo-types/v20171101" xmlns:xlin="http://www.w3.org/1999/xlink" xmlns:gml="http://www.opengis.net/gml">
   <soapenv:Header/>
   <soapenv:Body>
      <v20:LVBAGWplDi02 patch="00">
         <v20:stuurgegevens>
            <stuf:berichtcode>Di02</stuf:berichtcode>
            <stuf:zender>
               <stuf:applicatie>BAG-GEM</stuf:applicatie>
            </stuf:zender>
            <stuf:ontvanger>
               <stuf:applicatie>BAG-LV</stuf:applicatie>
            </stuf:ontvanger>
            <stuf:referentienummer>${Properties#gemeenteCode}BRAHWP06</stuf:referentienummer>
            <stuf:tijdstipBericht>19680609153042011</stuf:tijdstipBericht>
         </v20:stuurgegevens>
         <v20:parameters>
            <stuf:mutatiesoort>T</stuf:mutatiesoort>
         </v20:parameters>
         <v20:toevoeging stuf:entiteittype="WPL" stuf:functie="entiteit">
            <v201:identificatie>${Properties#woonplaatsCode0246}</v201:identificatie>
            <v201:naam>Het Dorp</v201:naam>
            <v201:geometrie>
               <v201:vlak>
                  <gml:Polygon srsDimension="2" srsName="urn:ogc:def:crs:EPSG::28992">
                     <gml:exterior>
                        <gml:LinearRing>
                           <gml:posList count="5">210000.000 500000.000 220000.000 500000.000 
                                                                  220000.000 510000.000 210000.000 510000.000
                                                                  210000.000 500000.000</gml:posList>
                        </gml:LinearRing>
                     </gml:exterior>
                  </gml:Polygon>
               </v201:vlak>
            </v201:geometrie>
            <v201:status>Woonplaats aangewezen</v201:status>
            <v201:geconstateerd>N</v201:geconstateerd>
            <v201:documentdatum>1968-06-09</v201:documentdatum>
            <v201:documentnummer>936</v201:documentnummer>
            <v201:voorkomen>
               <v201:identificatie>1</v201:identificatie>
               <v201:tijdvakGeldigheid>
                  <v201:beginGeldigheid>1968-06-09</v201:beginGeldigheid>
               </v201:tijdvakGeldigheid>
               <v201:tijdvakRegistratie>
                  <v201:tijdstipRegistratie>1968-06-09T15:30:42.011</v201:tijdstipRegistratie>
               </v201:tijdvakRegistratie>
            </v201:voorkomen>
         </v20:toevoeging>
      </v20:LVBAGWplDi02>
   </soapenv:Body>
</soapenv:Envelope>