<?xml version="1.0" encoding="UTF-8"?>
<soapenv:Envelope xmlns:soapenv="http://schemas.xmlsoap.org/soap/envelope/" xmlns:v20="http://www.kadaster.nl/schemas/lvbag/bag-kgb/kennisgeving/service/v20171101" xmlns:stuf="http://www.egem.nl/StUF/StUF0301" xmlns:v201="http://www.kadaster.nl/schemas/lvbag/bag-kgb/bo-types/v20171101" xmlns:xlin="http://www.w3.org/1999/xlink" xmlns:gml="http://www.opengis.net/gml">
   <soapenv:Header/>
   <soapenv:Body>
      <v20:LVBAGLigNumDi02 patch="00">
         <v20:stuurgegevens>
            <stuf:berichtcode>Di02</stuf:berichtcode>
            <stuf:zender>
               <stuf:applicatie>BAG-GEM</stuf:applicatie>
            </stuf:zender>
            <stuf:ontvanger>
               <stuf:applicatie>BAG-LV</stuf:applicatie>
            </stuf:ontvanger>
            <stuf:referentienummer>5000BGRISLLP2354</stuf:referentienummer>
            <stuf:tijdstipBericht>20170125154042011</stuf:tijdstipBericht>
         </v20:stuurgegevens>
         <v20:ligNumLigplaatsMutatie stuf:functie="vrij">
            <v20:parameters>
               <stuf:mutatiesoort>T</stuf:mutatiesoort>
            </v20:parameters>
            <v20:toevoeging stuf:entiteittype="LIG" stuf:functie="entiteit">
               <v201:identificatie>0487020000072600</v201:identificatie>
               <v201:status>Plaats aangewezen</v201:status>
               <v201:geometrie>
                  <gml:Polygon srsDimension="2" srsName="urn:ogc:def:crs:EPSG::28992">
                     <gml:exterior>
                        <gml:LinearRing>
                           <gml:posList count="5">210901.200 500800.200 210911.700 500800.200 210911.700 500800.700 210901.200 500800.700 210901.200 500800.200</gml:posList>
                        </gml:LinearRing>
                     </gml:exterior>
                  </gml:Polygon>
               </v201:geometrie>
               <v201:geconstateerd>N</v201:geconstateerd>
               <v201:documentdatum>2017-01-25</v201:documentdatum>
               <v201:documentnummer>55550</v201:documentnummer>
               <v201:voorkomen>
                  <v201:identificatie>1</v201:identificatie>
                  <v201:tijdvakGeldigheid>
                     <v201:beginGeldigheid>2017-01-25</v201:beginGeldigheid>
                  </v201:tijdvakGeldigheid>
                  <v201:tijdvakRegistratie>
                     <v201:tijdstipRegistratie>2017-01-25T15:40:42.011</v201:tijdstipRegistratie>
                  </v201:tijdvakRegistratie>
               </v201:voorkomen>
               <v201:heeftAlsHoofdadres stuf:entiteittype="AOBNUMHFD">
                  <v201:gerelateerde stuf:entiteittype="NUM">
                     <v201:identificatie>0487200000012601</v201:identificatie>
                  </v201:gerelateerde>
               </v201:heeftAlsHoofdadres>
            </v20:toevoeging>
         </v20:ligNumLigplaatsMutatie>
         <!--1 to 100 repetitions:-->
         <v20:ligNumNummeraanduidingMutatie stuf:functie="vrij">
            <v20:parameters>
               <stuf:mutatiesoort>T</stuf:mutatiesoort>
            </v20:parameters>
            <v20:toevoeging stuf:entiteittype="NUM" stuf:functie="entiteit">
               <v201:identificatie>0487200000012601</v201:identificatie>
               <!--Optional:-->
               <v201:huisnummer>42</v201:huisnummer>
               <v201:postcode>1954LT</v201:postcode>
               <v201:typeAdresseerbaarObject>Ligplaats</v201:typeAdresseerbaarObject>
               <v201:status>Naamgeving uitgegeven</v201:status>
               <v201:geconstateerd>N</v201:geconstateerd>
               <v201:documentdatum>2017-01-25</v201:documentdatum>
               <v201:documentnummer>55550</v201:documentnummer>
               <v201:voorkomen>
                  <v201:identificatie>1</v201:identificatie>
                  <v201:tijdvakGeldigheid>
                     <v201:beginGeldigheid>2017-01-25</v201:beginGeldigheid>
                  </v201:tijdvakGeldigheid>
                  <v201:tijdvakRegistratie>
                     <v201:tijdstipRegistratie>2017-01-25T15:40:42.011</v201:tijdstipRegistratie>
                  </v201:tijdvakRegistratie>
               </v201:voorkomen>
           
               <v201:ligtAan stuf:entiteittype="NUMOPR">
                  <v201:gerelateerde stuf:entiteittype="OPR">
                     <v201:identificatie>0487300000000096</v201:identificatie>
                  </v201:gerelateerde>
               </v201:ligtAan>
            </v20:toevoeging>
         </v20:ligNumNummeraanduidingMutatie>
      </v20:LVBAGLigNumDi02>
   </soapenv:Body>
</soapenv:Envelope>