<?xml version="1.0" encoding="UTF-8"?>
<soapenv:Envelope xmlns:soapenv="http://schemas.xmlsoap.org/soap/envelope/" xmlns:v20="http://www.kadaster.nl/schemas/lvbag/bag-kgb/kennisgeving/service/v20171101" xmlns:stuf="http://www.egem.nl/StUF/StUF0301" xmlns:v201="http://www.kadaster.nl/schemas/lvbag/bag-kgb/bo-types/v20171101" xmlns:xlin="http://www.w3.org/1999/xlink" xmlns:gml="http://www.opengis.net/gml">
   <soapenv:Header/>
   <soapenv:Body>
      <v20:LVBAGVboNumDi02 patch="00">
         <v20:stuurgegevens>
            <stuf:berichtcode>Di02</stuf:berichtcode>
            <stuf:zender>
               <stuf:applicatie>BAG-GEM</stuf:applicatie>
            </stuf:zender>
            <stuf:ontvanger>
               <stuf:applicatie>BAG-LV</stuf:applicatie>
            </stuf:ontvanger>
            <stuf:referentienummer>5000BGRCOG2670</stuf:referentienummer>
            <stuf:tijdstipBericht>20170301154042011</stuf:tijdstipBericht>
         </v20:stuurgegevens>
         <v20:vboNumVerblijfsobjectMutatie stuf:functie="vrij">
            <v20:parameters>
               <stuf:mutatiesoort>T</stuf:mutatiesoort>
            </v20:parameters>
            <v20:toevoeging stuf:entiteittype="VBO" stuf:functie="entiteit">
               <v201:identificatie>0487010000236523</v201:identificatie>
               <v201:geometrie>
                  <v201:punt xlin:type="simple">
                     <gml:Point srsName="urn:ogc:def:crs:EPSG::28992" srsDimension="3">
                        <gml:pos>110036.5 510034.0 0.0</gml:pos>
                     </gml:Point>
                  </v201:punt>
               </v201:geometrie>
               <v201:gebruiksdoel>woonfunctie</v201:gebruiksdoel>
               <v201:oppervlakte>90</v201:oppervlakte>
               <v201:status>Verblijfsobject in gebruik</v201:status>
               <v201:geconstateerd>J</v201:geconstateerd>
               <v201:documentdatum>2017-03-28</v201:documentdatum>
               <v201:documentnummer>29384</v201:documentnummer>
               <v201:voorkomen>
                  <v201:identificatie>1</v201:identificatie>
                  <v201:tijdvakGeldigheid>
                     <v201:beginGeldigheid>2017-03-28</v201:beginGeldigheid>
                  </v201:tijdvakGeldigheid>
                  <v201:tijdvakRegistratie>
                     <v201:tijdstipRegistratie>2017-03-31T15:40:42.011</v201:tijdstipRegistratie>
                  </v201:tijdvakRegistratie>
               </v201:voorkomen>
               <v201:heeftAlsHoofdadres stuf:entiteittype="AOBNUMHFD">
                  <v201:gerelateerde stuf:entiteittype="NUM">
                     <v201:identificatie>0487200000012547</v201:identificatie>
                  </v201:gerelateerde>
               </v201:heeftAlsHoofdadres>
               <v201:maaktDeelUitVan stuf:entiteittype="VBOPND">
                  <v201:gerelateerde stuf:entiteittype="PND">
                     <v201:identificatie>0487100000000701</v201:identificatie>
                  </v201:gerelateerde>
               </v201:maaktDeelUitVan>
            </v20:toevoeging>
         </v20:vboNumVerblijfsobjectMutatie>
         <v20:vboNumNummeraanduidingMutatie stuf:functie="vrij">
            <v20:parameters>
               <stuf:mutatiesoort>T</stuf:mutatiesoort>
            </v20:parameters>
            <v20:toevoeging stuf:entiteittype="NUM" stuf:functie="entiteit">
               <v201:identificatie>0487200000012547</v201:identificatie>
               <v201:huisnummer>8</v201:huisnummer>
               <v201:huisletter>A</v201:huisletter>
               <v201:typeAdresseerbaarObject>Verblijfsobject</v201:typeAdresseerbaarObject>
               <v201:status>Naamgeving uitgegeven</v201:status>
               <v201:geconstateerd>J</v201:geconstateerd>
               <v201:documentdatum>2017-03-28</v201:documentdatum>
               <v201:documentnummer>29384</v201:documentnummer>
               <v201:voorkomen>
                  <v201:identificatie>1</v201:identificatie>
                  <v201:tijdvakGeldigheid>
                     <v201:beginGeldigheid>2017-03-28</v201:beginGeldigheid>
                  </v201:tijdvakGeldigheid>
                  <v201:tijdvakRegistratie>
                     <v201:tijdstipRegistratie>2017-03-31T15:40:42.011</v201:tijdstipRegistratie>
                  </v201:tijdvakRegistratie>
               </v201:voorkomen>
              
               <v201:ligtAan stuf:entiteittype="NUMOPR">
                  <v201:gerelateerde stuf:entiteittype="OPR">
                     <v201:identificatie>0487300000000095</v201:identificatie>
                  </v201:gerelateerde>
               </v201:ligtAan>
            </v20:toevoeging>
         </v20:vboNumNummeraanduidingMutatie>
      </v20:LVBAGVboNumDi02>
   </soapenv:Body>
</soapenv:Envelope>