<?xml version="1.0" encoding="UTF-8"?>
<soapenv:Envelope xmlns:soapenv="http://schemas.xmlsoap.org/soap/envelope/" xmlns:v20="http://www.kadaster.nl/schemas/lvbag/bag-kgb/kennisgeving/service/v20171101" xmlns:stuf="http://www.egem.nl/StUF/StUF0301" xmlns:v201="http://www.kadaster.nl/schemas/lvbag/bag-kgb/bo-types/v20171101">
   <soapenv:Header/>
   <soapenv:Body>
      <v20:LVBAGNumDi02 patch="00">
         <v20:stuurgegevens>
            <stuf:berichtcode>Di02</stuf:berichtcode>
            <stuf:zender>
               <stuf:applicatie>BAG-GEM</stuf:applicatie>
            </stuf:zender>
            <stuf:ontvanger>
               <stuf:applicatie>BAG-LV</stuf:applicatie>
            </stuf:ontvanger>
            <stuf:referentienummer>5000BRAIN2375</stuf:referentienummer>
            <stuf:tijdstipBericht>20170401164042011</stuf:tijdstipBericht>
         </v20:stuurgegevens>
         <v20:parameters>
            <stuf:mutatiesoort>W</stuf:mutatiesoort>
         </v20:parameters>
         <v20:toevoeging stuf:entiteittype="NUM" stuf:functie="entiteit">
            <v201:identificatie>0487200000012533</v201:identificatie>
            <!--Optional:-->
            <v201:huisnummer>26</v201:huisnummer>
        
            <v201:typeAdresseerbaarObject>Verblijfsobject</v201:typeAdresseerbaarObject>
            <v201:status>Naamgeving ingetrokken</v201:status>
            <v201:geconstateerd>N</v201:geconstateerd>
            <v201:documentdatum>2017-04-01</v201:documentdatum>
            <v201:documentnummer>COR-28376</v201:documentnummer>
            <v201:voorkomen>
               <v201:identificatie>2</v201:identificatie>
               <v201:tijdvakGeldigheid>
                  <v201:beginGeldigheid>2017-04-01</v201:beginGeldigheid>
               </v201:tijdvakGeldigheid>
               <v201:tijdvakRegistratie>
                  <v201:tijdstipRegistratie>2017-04-01T16:40:42.011</v201:tijdstipRegistratie>
               </v201:tijdvakRegistratie>
            </v201:voorkomen>
            <v201:ligtAan stuf:entiteittype="NUMOPR">
               <v201:gerelateerde stuf:entiteittype="OPR">
                  <v201:identificatie>0487300000000096</v201:identificatie>
               </v201:gerelateerde>
            </v201:ligtAan>
         </v20:toevoeging>
         <!--2 to 4 repetitions:-->
         <v20:wijziging stuf:entiteittype="NUM" stuf:functie="entiteit">
            <v201:identificatie>0487200000012533</v201:identificatie>
            <!--Optional:-->
            <v201:huisnummer>26</v201:huisnummer>
          
            <v201:typeAdresseerbaarObject>Verblijfsobject</v201:typeAdresseerbaarObject>
            <v201:status>Naamgeving uitgegeven</v201:status>
            <v201:geconstateerd>N</v201:geconstateerd>
            <v201:documentdatum>2017-04-01</v201:documentdatum>
            <v201:documentnummer>28376</v201:documentnummer>
            <v201:voorkomen>
               <v201:identificatie>1</v201:identificatie>
               <v201:tijdvakGeldigheid>
                  <v201:beginGeldigheid>2017-04-01</v201:beginGeldigheid>
               </v201:tijdvakGeldigheid>
               <v201:tijdvakRegistratie>
                  <v201:tijdstipRegistratie>2017-04-01T15:40:42.011</v201:tijdstipRegistratie>
               </v201:tijdvakRegistratie>
            </v201:voorkomen>
            <v201:ligtAan stuf:entiteittype="NUMOPR">
               <v201:gerelateerde stuf:entiteittype="OPR">
                  <v201:identificatie>0487300000000096</v201:identificatie>
               </v201:gerelateerde>
            </v201:ligtAan>
         </v20:wijziging>
         <v20:wijziging stuf:entiteittype="NUM" stuf:functie="entiteit">
            <v201:identificatie>0487200000012533</v201:identificatie>
            <!--Optional:-->
            <v201:huisnummer>26</v201:huisnummer>
          
            <v201:typeAdresseerbaarObject>Verblijfsobject</v201:typeAdresseerbaarObject>
            <v201:status>Naamgeving uitgegeven</v201:status>
            <v201:geconstateerd>N</v201:geconstateerd>
            <v201:documentdatum>2017-04-01</v201:documentdatum>
            <v201:documentnummer>28376</v201:documentnummer>
            <v201:voorkomen>
               <v201:identificatie>1</v201:identificatie>
               <v201:tijdvakGeldigheid>
                  <v201:beginGeldigheid>2017-04-01</v201:beginGeldigheid>
                  <v201:eindGeldigheid>2017-04-01</v201:eindGeldigheid>
               </v201:tijdvakGeldigheid>
               <v201:tijdvakRegistratie>
                  <v201:tijdstipRegistratie>2017-04-01T15:40:42.011</v201:tijdstipRegistratie>
                  <v201:eindRegistratie>2017-04-01T16:40:42.011</v201:eindRegistratie>
               </v201:tijdvakRegistratie>
            </v201:voorkomen>
            <v201:ligtAan stuf:entiteittype="NUMOPR">
               <v201:gerelateerde stuf:entiteittype="OPR">
                  <v201:identificatie>0487300000000096</v201:identificatie>
               </v201:gerelateerde>
            </v201:ligtAan>
         </v20:wijziging>
      </v20:LVBAGNumDi02>
   </soapenv:Body>
</soapenv:Envelope>