<?xml version="1.0" encoding="UTF-8"?>
<sl-bag-extract:bagStand xmlns:xsi="http://www.w3.org/2001/XMLSchema-instance" xmlns:sl="http://www.kadaster.nl/schemas/standlevering-generiek/1.0" xmlns:selecties-extract="http://www.kadaster.nl/schemas/lvbag/extract-selecties/v20180601" xmlns:sl-bag-extract="http://www.kadaster.nl/schemas/lvbag/extract-deelbestand-lvc/v20180601" xmlns:Objecten="www.kadaster.nl/schemas/lvbag/imbag/objecten/v20180601" xmlns:Objecten-ref="www.kadaster.nl/schemas/lvbag/imbag/objecten-ref/v20180601" xmlns:Historie="www.kadaster.nl/schemas/lvbag/imbag/historie/v20180601" xmlns:nen5825="www.kadaster.nl/schemas/lvbag/imbag/nen5825/v20180601" xmlns:nen3610="www.kadaster.nl/schemas/lvbag/imbag/nen3610/v20180601" xmlns:xlink="http://www.w3.org/1999/xlink" xsi:schemaLocation="http://www.kadaster.nl/schemas/standlevering-generiek/1.0 ../standlevering-generiek/1.0/standlevering-generiek-1.0.xsd  http://www.kadaster.nl/schemas/lvbag/extract-selecties/v20180601 ../lvbag/extract-selecties/v20180601/BagvsExtractSelecties-2.0.xsd http://www.kadaster.nl/schemas/lvbag/extract-deelbestand-lvc/v20180601 ../lvbag/extract-deelbestand-lvc/v20180601/BagvsExtractDeelbestandExtractLvc-2.0.xsd www.kadaster.nl/schemas/lvbag/imbag/objecten/v20180601 ../lvbag/imbag/IMBAGLV/objecten/v20180601/IMBAGLV_Objecten_v2_0_0.xsd www.kadaster.nl/schemas/lvbag/imbag/objecten-ref/v20180601 ../lvbag/imbag/IMBAGLV/objecten-ref/v20180601/IMBAGLV_ObjectenRef_v2_0_0.xsd www.kadaster.nl/schemas/lvbag/imbag/nen5825/v20180601 ../lvbag/imbag/IMBAGLV/nen5825/v20180601/IMBAGLV_Nen5825_v2_0_0.xsd www.kadaster.nl/schemas/lvbag/imbag/nen3610/v20180601 ../lvbag/imbag/IMBAGLV/nen3610/v20180601/IMBAGLV_Nen3610_v1_0_0.xsd http://www.w3.org/1999/xlink ../lvbag/imbag/xlink/1.0.0/xlinks.xsd www.kadaster.nl/schemas/lvbag/imbag/historie/v20180601 ../lvbag/imbag/IMBAGLV/historie/v20180601/IMBAGLV_Historie_v2_0_0.xsd">
	<sl-bag-extract:bagInfo>
		<selecties-extract:Gebied-Registratief>
			<selecties-extract:Gebied-GEM>
				<selecties-extract:GebiedIdentificatie>768393</selecties-extract:GebiedIdentificatie>
				<selecties-extract:GebiedNaam>GEM.0796</selecties-extract:GebiedNaam>
				<selecties-extract:GemeenteCollectie>
					<selecties-extract:Gemeente>
						<selecties-extract:GemeenteIdentificatie>0796</selecties-extract:GemeenteIdentificatie>
						<selecties-extract:GemeenteNaam>'s-Hertogenbosch</selecties-extract:GemeenteNaam>
					</selecties-extract:Gemeente>
				</selecties-extract:GemeenteCollectie>
			</selecties-extract:Gebied-GEM>
		</selecties-extract:Gebied-Registratief>
		<selecties-extract:LVC-Extract>
			<selecties-extract:productcode>DWPLLXEE02</selecties-extract:productcode>
			<selecties-extract:StandTechnischeDatum>2018-06-01</selecties-extract:StandTechnischeDatum>
		</selecties-extract:LVC-Extract>
		<selecties-extract:Verwerking>
			<selecties-extract:TijdstipVerwerking>2018-06-08T09:30:47+02:00</selecties-extract:TijdstipVerwerking>
			<selecties-extract:VolgnrVerwerking>1</selecties-extract:VolgnrVerwerking>
		</selecties-extract:Verwerking>
	</sl-bag-extract:bagInfo>
	<sl:standBestand>
		<sl:dataset>LVBAG</sl:dataset>
		<sl:inhoud>
			<sl:gebied>GEMEENTE</sl:gebied>
			<sl:leveringsId>1</sl:leveringsId>
			<sl:objectTypen>
				<sl:objectType>OPR</sl:objectType>
			</sl:objectTypen>
		</sl:inhoud>
		<sl:stand>
			<sl-bag-extract:bagObject>
				<Objecten:OpenbareRuimte>
					<Objecten:identificatie>
						<nen3610:namespace>NL.IMBAG.Openbareruimte</nen3610:namespace>
						<nen3610:lokaalID>0796300000200100</nen3610:lokaalID>
					</Objecten:identificatie>
					<Objecten:naam>Maysteeg</Objecten:naam>
					<Objecten:type>Weg</Objecten:type>
					<Objecten:status>Naamgeving uitgegeven</Objecten:status>
					<Objecten:geconstateerd>N</Objecten:geconstateerd>
					<Objecten:documentdatum>2009-07-14</Objecten:documentdatum>
					<Objecten:documentnummer>gem83047(20090714)</Objecten:documentnummer>
					<Objecten:ligtIn>
						<Objecten-ref:WoonplaatsRef type="simple" xlink:href="NL.IMBAG.WOONPLAATS.1595"/>
					</Objecten:ligtIn>
					<Objecten:voorkomen>
						<Historie:Voorkomen>
							<Historie:voorkomenidentificatie>1</Historie:voorkomenidentificatie>
							<Historie:beginGeldigheid>2009-07-14</Historie:beginGeldigheid>
							<Historie:eindGeldigheid>2015-08-11</Historie:eindGeldigheid>
							<Historie:tijdstipRegistratie>2010-11-09T22:31:29.153</Historie:tijdstipRegistratie>
							<Historie:eindRegistratie>2015-08-13T13:30:48.283</Historie:eindRegistratie>
						</Historie:Voorkomen>
					</Objecten:voorkomen>
					<Objecten:verkorteNaam>
						<nen5825:VerkorteNaamOpenbareRuimte>
							<nen5825:verkorteNaam>Maysteeg</nen5825:verkorteNaam>
						</nen5825:VerkorteNaamOpenbareRuimte>
					</Objecten:verkorteNaam>
				</Objecten:OpenbareRuimte>
			</sl-bag-extract:bagObject>
		</sl:stand>
		<sl:stand>
			<sl-bag-extract:bagObject>
				<Objecten:OpenbareRuimte>
					<Objecten:identificatie>
						<nen3610:namespace>NL.IMBAG.Openbareruimte</nen3610:namespace>
						<nen3610:lokaalID>0796300000200100</nen3610:lokaalID>
					</Objecten:identificatie>
					<Objecten:naam>Maysteeg</Objecten:naam>
					<Objecten:type>Weg</Objecten:type>
					<Objecten:status>Naamgeving uitgegeven</Objecten:status>
					<Objecten:geconstateerd>N</Objecten:geconstateerd>
					<Objecten:documentdatum>2015-08-11</Objecten:documentdatum>
					<Objecten:documentnummer>5134599</Objecten:documentnummer>
					<Objecten:ligtIn>
						<Objecten-ref:WoonplaatsRef type="simple" xlink:href="NL.IMBAG.WOONPLAATS.1595"/>
					</Objecten:ligtIn>
					<Objecten:voorkomen>
						<Historie:Voorkomen>
							<Historie:voorkomenidentificatie>2</Historie:voorkomenidentificatie>
							<Historie:beginGeldigheid>2015-08-11</Historie:beginGeldigheid>
							<Historie:eindGeldigheid>2019-01-01</Historie:eindGeldigheid>
							<Historie:tijdstipRegistratie>2015-08-13T13:30:48.283</Historie:tijdstipRegistratie>
							<Historie:eindRegistratie>2017-12-18T10:30:53.112</Historie:eindRegistratie>
						</Historie:Voorkomen>
					</Objecten:voorkomen>
					<Objecten:verkorteNaam>
						<nen5825:VerkorteNaamOpenbareRuimte>
							<nen5825:verkorteNaam>Maysteeg</nen5825:verkorteNaam>
						</nen5825:VerkorteNaamOpenbareRuimte>
					</Objecten:verkorteNaam>
				</Objecten:OpenbareRuimte>
			</sl-bag-extract:bagObject>
		</sl:stand>
		<sl:stand>
			<sl-bag-extract:bagObject>
				<Objecten:OpenbareRuimte>
					<Objecten:identificatie>
						<nen3610:namespace>NL.IMBAG.Openbareruimte</nen3610:namespace>
						<nen3610:lokaalID>0796300000200100</nen3610:lokaalID>
					</Objecten:identificatie>
					<Objecten:naam>Maysteeg</Objecten:naam>
					<Objecten:type>Weg</Objecten:type>
					<Objecten:status>Naamgeving uitgegeven</Objecten:status>
					<Objecten:geconstateerd>N</Objecten:geconstateerd>
					<Objecten:documentdatum>2017-12-13</Objecten:documentdatum>
					<Objecten:documentnummer>7518593</Objecten:documentnummer>
					<Objecten:ligtIn>
						<Objecten-ref:WoonplaatsRef type="simple" xlink:href="NL.IMBAG.WOONPLAATS.1595"/>
					</Objecten:ligtIn>
					<Objecten:voorkomen>
						<Historie:Voorkomen>
							<Historie:voorkomenidentificatie>3</Historie:voorkomenidentificatie>
							<Historie:beginGeldigheid>2019-01-01</Historie:beginGeldigheid>
							<Historie:tijdstipRegistratie>2017-12-18T10:30:53.112</Historie:tijdstipRegistratie>
						</Historie:Voorkomen>
					</Objecten:voorkomen>
					<Objecten:verkorteNaam>
						<nen5825:VerkorteNaamOpenbareRuimte>
							<nen5825:verkorteNaam>Maysteeg</nen5825:verkorteNaam>
						</nen5825:VerkorteNaamOpenbareRuimte>
					</Objecten:verkorteNaam>
				</Objecten:OpenbareRuimte>
			</sl-bag-extract:bagObject>
		</sl:stand>
	</sl:standBestand>
</sl-bag-extract:bagStand>
