<?xml version="1.0" encoding="UTF-8"?>
<soapenv:Envelope xmlns:soapenv="http://schemas.xmlsoap.org/soap/envelope/" xmlns:v20="http://www.kadaster.nl/schemas/lvbag/bag-kgb/kennisgeving/service/v20171101" xmlns:stuf="http://www.egem.nl/StUF/StUF0301" xmlns:v201="http://www.kadaster.nl/schemas/lvbag/bag-kgb/bo-types/v20171101" xmlns:xlin="http://www.w3.org/1999/xlink" xmlns:gml="http://www.opengis.net/gml">
   <soapenv:Header/>
   <soapenv:Body>
      <v20:LVBAGPndDi02 patch="00">
         <v20:stuurgegevens>
            <stuf:berichtcode>Di02</stuf:berichtcode>
            <stuf:zender>
               <stuf:applicatie>BAG-GEM</stuf:applicatie>
            </stuf:zender>
            <stuf:ontvanger>
               <stuf:applicatie>BAG-LV</stuf:applicatie>
            </stuf:ontvanger>
            <stuf:referentienummer>5000BAGHLG2665</stuf:referentienummer>
            <stuf:tijdstipBericht>19800701154042011</stuf:tijdstipBericht>
         </v20:stuurgegevens>
         <v20:parameters>
            <stuf:mutatiesoort>T</stuf:mutatiesoort>
         </v20:parameters>
         <v20:toevoeging stuf:entiteittype="PND" stuf:functie="entiteit">
            <v201:identificatie>0487100000000630</v201:identificatie>
            <v201:geometrie>
             <gml:Polygon srsName="urn:ogc:def:crs:EPSG::28992" srsDimension="2">
				<gml:exterior>
					<gml:LinearRing>
						<gml:posList count="5">211800.200 500800.200 211810.700 500800.200
                                                                  211810.700 500800.700 211800.200 500800.700
                                                                  211800.200 500800.200</gml:posList>
					</gml:LinearRing>
				</gml:exterior>
			</gml:Polygon>
            </v201:geometrie>
            <v201:oorspronkelijkBouwjaar>1980</v201:oorspronkelijkBouwjaar>
            <v201:status>Pand in gebruik</v201:status>
            <v201:geconstateerd>N</v201:geconstateerd>
            <v201:documentdatum>1980-07-01</v201:documentdatum>
            <v201:documentnummer>36483</v201:documentnummer>
            <v201:voorkomen>
               <v201:identificatie>1</v201:identificatie>
               <v201:tijdvakGeldigheid>
                  <v201:beginGeldigheid>1980-07-01</v201:beginGeldigheid>
               </v201:tijdvakGeldigheid>
               <v201:tijdvakRegistratie>
                  <v201:tijdstipRegistratie>1980-07-01T15:40:42.011</v201:tijdstipRegistratie>
               </v201:tijdvakRegistratie>
            </v201:voorkomen>
         </v20:toevoeging>
      </v20:LVBAGPndDi02>
   </soapenv:Body>
</soapenv:Envelope>